PROLIFIC_PID,What is the capital of Finland?,Which of these is landlocked?,King Felipe VI is the monarch for which of these countries?,Which of these countries is NOT on the west coast of Africa?,The origin of the Euphrates river is in which modern day country?,Which of these is the world’s highest Peak?,Which of these countries’ flags is not rectangular?,Which of these countries does NOT cross the Equator?,Which of these countries has a population of over 20 million?,Kuala Lumpur is the capital of which country?,Which of these countries has more cars than people?,Which of these is NOT the name of one of the three major island groups in the Pacific Ocean?,Which of these volcanoes lies on the east coast of Sicily?,Transylvania is a region in which country?,What is the capital of Brazil?,What colour is the star on the flag of Ghana?,Which of these countries does Kazakhstan NOT border?,How many countries are there with the word “Guinea” in their name?,Which of these countries does NOT have a ‘dollar’ as a form of currency?,Which of these rivers does NOT pass through China?,"Tokyo, Osaka and Kyoto are cities in which country?",Which ocean separates the eastern coast of USA and Western Europe?,The Amazon Rainforest is in which continent?,Which of these is NOT a US state?,Poland’s flag has stripes of two colours: white and which colour?,Which of these deserts are in South America?,Madagascar is a country in which continent?,"The Angkor Wat is the largest religious monument in the world, located in which country?",Which of these countries’ flags has a tree?,The 2008 Olympics were held in which country?,Which country has won more FIFA world cups than any other country?,What did Ceylon change its name to in 1972?,What is the capital of Canada?,"To the nearest billion, how large is the world's population?",What is the name of the microstate located between Spain and France?,What is the name of the largest river to flow through Paris?,Constantinople and Byzantium are former names of which major city?,What African country has the largest population?,The Union Jack is the name of the flag of which country?,Christ the Redeemer is a statue in which country?,Score
5f47e34858dd331165bf9f00,Copenhagen,Latvia,Spain,Senegal,UAE,Everest,Sri Lanka,Kenya,Ecuador,Philippines,Monaco,Melanesia,Vesuvius,Romania,,White,Uzbekistan,3,Vietnam,Irtysh,Japan,Atlantic,South America,Newfoundland,Red,Kalahari,Africa,Thailand,New Zealand,UK,Germany,Bangladesh,Quebec,7 billion,Liechtenstein,Seine,Rome,South Africa,Canada,Brazil,12
60fd1522d28b7e355e53b97d,Helsinki,Serbia,France,Guinea,Jordan,Everest,Bhutan,Indonesia,Ecuador,Malaysia,Monaco,Micronesia,Etna,Czechia,Rio de Janeiro,White,Uzbekistan,2,Hong Kong,Amur,Japan,Pacific,North America,Newfoundland,Yellow,Kalahari,South America,Cambodia,Lebanon,China,Argentina,India,Toronto,9 billion,Luxenbourg,Seine,Rome,South Africa,UK,Canada,12
5d0cb088d850850001c1cf6e,Helsinki,Serbia,Portugal,Zambia,Jordan,Everest,Bhutan,India,Ecuador,Indonesia,US,Odesia,Vesuvius,Romania,Rio de Janeiro,Black,,4,Vietnam,Yenisei,Japan,Atlantic,North America,Newfoundland,Red,Great Basin,Africa,Laos,New Zealand,Australia,Argentina,Bangladesh,Toronto,8 billion,Liechtenstein,Seine,,Nigeria,UK,Argentina,20
60fd35b45d565fcf5e010fec,Oslo,Serbia,Portugal,Zambia,Jordan,Everest,Nepal,Indonesia,Peru,Philippines,US,Micronesia,Cheviot,Romania,Salvador,Black,Russia,3,Vietnam,Irtysh,Japan,Indian,South America,Newfoundland,Red,Patagonian,Africa,Mongolia,Lebanon,China,Germany,Bangladesh,Toronto,8 billion,Luxenbourg,Nile,Istanbul,South Africa,France,USA,18
5e512d87a4cd2115185acb17,Helsinki,Poland,Spain,Senegal,UAE,Everest,Sri Lanka,India,Peru,Indonesia,US,Odesia,Milos,Romania,Rio de Janeiro,Gold,Tajikistan,3,Hong Kong,Amur,Japan,Atlantic,South America,Newfoundland,Red,Great Basin,Africa,Thailand,Cyprus,UK,Argentina,Sri Lanka,Vancouver,9 billion,Luxenbourg,Rhine,Istanbul,Egypt,UK,Brazil,18
5ebd3bbcecfc7d00085d0f9e,Helsinki,Serbia,Spain,Zambia,Afghanistan,Everest,Sri Lanka,Kenya,Uruguay,Malaysia,Monaco,Micronesia,Vesuvius,Romania,Sao Paulo,Gold,Uzbekistan,3,Vietnam,Amur,Japan,Atlantic,South America,Newfoundland,Red,Kalahari,Asia,Cambodia,Lebanon,China,Brazil,Sri Lanka,Quebec,8 billion,San Marino,Nile,Athens,South Africa,UK,Brazil,21
571922e42090bb001115b5ef,Stockholm,Poland,Spain,Senegal,Turkey,Everest,Bangladesh,Brazil,Uruguay,Malaysia,US,Odesia,Vesuvius,Romania,Rio de Janeiro,Black,China,3,New Zealand,Amur,Japan,Pacific,South America,Newfoundland,Red,Patagonian,Africa,,Cyprus,UK,Germany,Sri Lanka,Toronto,8 billion,Andorra,Rhine,Rome,South Africa,UK,Brazil,18
5c067e6329abc0000199ae45,Helsinki,Serbia,Spain,Zambia,Jordan,Everest,Sri Lanka,Kenya,Peru,Malaysia,Monaco,Odesia,Vesuvius,Romania,Brasilia,Green,China,3,Vietnam,Amur,Japan,Atlantic,South America,Newfoundland,Red,Patagonian,Africa,Cambodia,Cyprus,China,Germany,Sri Lanka,,8 billion,Andorra,Seine,Istanbul,Nigeria,UK,Brazil,28
5d87c4d9c1519000169ea0f5,Helsinki,Serbia,Spain,Zambia,Afghanistan,Everest,Bhutan,Kenya,Peru,Malaysia,Iceland,Odesia,Etna,Romania,Rio de Janeiro,Green,Tajikistan,2,Vietnam,Amur,Japan,Atlantic,South America,Newfoundland,Red,Kalahari,Africa,Cambodia,Lebanon,UK,Germany,Pakistan,Vancouver,8 billion,San Marino,Rhine,Rome,Nigeria,USA,Brazil,23
5c4c53b95aa8dc00011b0dce,Stockholm,Croatia,Spain,Guinea,Afghanistan,Everest,Bhutan,India,Bolivia,Thailand,Monaco,Melanesia,Vesuvius,Romania,Brasilia,Green,China,3,Vietnam,Amur,Japan,Atlantic,South America,Newfoundland,Red,Patagonian,Africa,Cambodia,New Zealand,China,Germany,India,Vancouver,8 billion,Andorra,Seine,Istanbul,Nigeria,Canada,Brazil,21
5f3ac193f436407465a3d08e,Helsinki,Poland,Spain,Zambia,Jordan,Everest,Nepal,Indonesia,Peru,Philippines,Monaco,Odesia,Vesuvius,Romania,Brasilia,Black,China,2,Hong Kong,Yangtze,Japan,Atlantic,South America,Newfoundland,Red,Patagonian,Africa,Cambodia,Lebanon,UK,Brazil,Sri Lanka,Ottawa,8 billion,Andorra,Seine,Istanbul,Egypt,UK,Brazil,28
6139c8d8b7a236f133e89b7a,Helsinki,Serbia,Portugal,Zambia,Afghanistan,Everest,Bhutan,Indonesia,Peru,Philippines,San Marino,Micronesia,Vesuvius,Romania,Rio de Janeiro,Gold,China,4,Vietnam,Amur,Japan,Atlantic,South America,Newfoundland,Red,Gobi,Africa,Laos,Cyprus,China,Brazil,Sri Lanka,Quebec,7 billion,Liechtenstein,Vienne,Istanbul,Nigeria,UK,Brazil,22
5e7d1ad43c00ce3a395d2de9,Helsinki,Serbia,France,Zambia,Jordan,Everest,Nepal,India,Peru,Malaysia,Monaco,Odesia,Vesuvius,Romania,Brasilia,Black,Uzbekistan,3,Hong Kong,Irtysh,Japan,Atlantic,South America,Newfoundland,Red,Patagonian,Africa,Cambodia,Lebanon,China,Brazil,Sri Lanka,Ottawa,8 billion,Andorra,Seine,Istanbul,Nigeria,UK,Brazil,32
5f19dc86afa07c0894f60578,Helsinki,Poland,Spain,Zambia,Jordan,Everest,Nepal,India,Peru,,US,Melanesia,Milos,Romania,Brasilia,White,China,4,Vietnam,Amur,Japan,Atlantic,South America,Newfoundland,Red,Patagonian,Africa,Mongolia,Lebanon,China,Argentina,Sri Lanka,Ottawa,8 billion,Andorra,Vienne,Athens,Nigeria,UK,Brazil,27
5f736265f33fef07b1cd8b21,Helsinki,Serbia,France,Senegal,Turkey,Everest,Nepal,Brazil,Peru,Philippines,Iceland,Micronesia,Etna,Romania,Rio de Janeiro,Green,Tajikistan,2,Singapore,Yangtze,Japan,Atlantic,,Newfoundland,Red,Great Basin,Asia,Laos,Cyprus,China,Germany,Pakistan,Vancouver,8 billion,Luxenbourg,Vienne,Rome,South Africa,UK,Argentina,16
616765c03556775fadfc30ba,Helsinki,Poland,Spain,Senegal,UAE,Everest,Bangladesh,Indonesia,Bolivia,Malaysia,San Marino,Odesia,Vesuvius,Romania,Brasilia,Gold,Tajikistan,4,Vietnam,Amur,Japan,Pacific,South America,Newfoundland,Red,Patagonian,Africa,Thailand,New Zealand,China,Brazil,Sri Lanka,Quebec,8 billion,Andorra,Seine,Athens,South Africa,UK,Brazil,25
6308aa19f88737eb79da25c7,Copenhagen,Poland,Spain,Guinea,Turkey,Everest,Bhutan,Indonesia,Peru,Indonesia,San Marino,Melanesia,Vesuvius,Romania,Rio de Janeiro,Green,China,3,Hong Kong,Amur,Japan,Atlantic,South America,Newfoundland,Red,Great Basin,Africa,Thailand,Lebanon,China,Brazil,Bangladesh,Ottawa,7 billion,Andorra,Seine,Istanbul,South Africa,UK,Brazil,21
5ec0cd1d56b9d94e97a3171d,Helsinki,Croatia,Spain,Senegal,Jordan,K2,Nepal,Brazil,Uruguay,Malaysia,Monaco,Odesia,Vesuvius,Romania,Brasilia,Green,China,2,Vietnam,Amur,Japan,Atlantic,South America,Newfoundland,Red,Patagonian,Africa,Cambodia,Lebanon,Australia,Germany,Bangladesh,Ottawa,8 billion,Liechtenstein,Seine,Istanbul,South Africa,UK,Brazil,23
607720d63363a7f7681aca7b,Helsinki,Serbia,Spain,Gambia,UAE,Everest,Nepal,Indonesia,Uruguay,Malaysia,US,Micronesia,Vesuvius,Romania,Brasilia,Black,Uzbekistan,2,Vietnam,Irtysh,,Atlantic,South America,Newfoundland,Blue,Great Basin,Asia,Cambodia,New Zealand,Australia,Argentina,Sri Lanka,Toronto,8 billion,Andorra,Seine,Athens,South Africa,France,Brazil,19
606a3e6bf27084173fc25015,Helsinki,Serbia,Spain,Guinea,Afghanistan,Everest,Bangladesh,India,Uruguay,Indonesia,Monaco,Melanesia,Etna,Romania,,White,China,2,Hong Kong,Amur,Japan,Atlantic,South America,Newfoundland,Red,Patagonian,Africa,,Lebanon,China,Germany,Bangladesh,Ottawa,7 billion,Andorra,Seine,Athens,Nigeria,UK,Brazil,22
588126f90234ec00016eff60,Oslo,Croatia,France,Zambia,UAE,Everest,Bhutan,,Ecuador,Malaysia,Iceland,Melanesia,Vesuvius,Romania,Rio de Janeiro,Gold,China,2,Vietnam,Amur,Japan,Atlantic,Asia,Hawaii,Red,Patagonian,Africa,Mongolia,New Zealand,Australia,Argentina,Sri Lanka,Vancouver,8 billion,San Marino,Seine,Rome,South Africa,UK,Brazil,15
60d4b2c2f8ec648ad7bd7a21,Oslo,Poland,Spain,Zambia,Turkey,Everest,Bangladesh,Brazil,Bolivia,Malaysia,San Marino,Melanesia,Etna,Romania,Brasilia,Gold,Russia,2,Hong Kong,Irtysh,Japan,Atlantic,South America,Newfoundland,Red,Patagonian,Africa,Cambodia,Cyprus,Australia,Argentina,Sri Lanka,Ottawa,8 billion,San Marino,Nile,Istanbul,Nigeria,USA,Brazil,23
5d25eeb8c687a10019ef1a3f,Oslo,Serbia,Spain,Guinea,Turkey,Everest,Bhutan,Kenya,Uruguay,Indonesia,Monaco,Melanesia,Vesuvius,Romania,Sao Paulo,Gold,Uzbekistan,1,Singapore,Amur,Japan,Atlantic,South America,Newfoundland,Red,Gobi,Asia,Laos,Lebanon,China,Germany,Sri Lanka,Toronto,7 billion,Luxenbourg,Rhine,Istanbul,Nigeria,UK,Brazil,17
5c1bb52fa05a64000125c54c,Helsinki,Serbia,France,Guinea,Jordan,Everest,Nepal,India,Peru,Indonesia,Iceland,Micronesia,Vesuvius,Romania,Sao Paulo,Gold,China,2,Vietnam,Amur,Japan,Atlantic,South America,Newfoundland,Red,Great Basin,Africa,Thailand,Lebanon,Australia,Argentina,Sri Lanka,Toronto,8 billion,Luxenbourg,Rhine,Istanbul,South Africa,Canada,Brazil,19
5e9ad778a76bd8000c4a53e6,,Serbia,Spain,Guinea,UAE,Everest,Bhutan,Brazil,Uruguay,Thailand,US,Odesia,Etna,,Sao Paulo,Black,China,3,Hong Kong,Irtysh,Japan,Atlantic,Asia,Newfoundland,Red,Gobi,Africa,Thailand,Lebanon,USA,Brazil,Pakistan,Quebec,8 billion,Liechtenstein,Vienne,Athens,Egypt,UK,Brazil,16
63208518f7d9f1f68ec91185,Helsinki,Latvia,Spain,Guinea,Jordan,,Bhutan,Indonesia,Peru,Malaysia,Monaco,Odesia,Etna,Romania,Rio de Janeiro,Black,Tajikistan,3,Vietnam,Amur,Japan,Atlantic,South America,Newfoundland,Red,Patagonian,Africa,Thailand,Lebanon,China,Brazil,Bangladesh,Ottawa,8 billion,Andorra,Seine,Istanbul,Egypt,UK,USA,26
5d68084b0967f600012b593e,Helsinki,Serbia,Spain,Gambia,UAE,Everest,Bangladesh,Kenya,Uruguay,Malaysia,Monaco,Micronesia,Etna,Bosnia,Sao Paulo,Black,China,2,Vietnam,Amur,Japan,Atlantic,South America,Rhode Island,Blue,Patagonian,Africa,Thailand,Cyprus,UK,Argentina,Sri Lanka,Ottawa,8 billion,Luxenbourg,Seine,Rome,Ghana,UK,Brazil,19
60d1224bb86fedf1819ef67b,Copenhagen,Poland,Spain,Zambia,Turkey,K2,Nepal,Indonesia,Bolivia,Malaysia,US,Odesia,Etna,Romania,Sao Paulo,Black,China,2,Vietnam,Irtysh,Japan,Atlantic,South America,Newfoundland,Red,Patagonian,Africa,Cambodia,Lebanon,UK,Brazil,Sri Lanka,Quebec,7 billion,Liechtenstein,Rhine,Istanbul,Nigeria,USA,Brazil,24
633bf20f5a559097b0ff0bb3,Helsinki,Serbia,Spain,Zambia,Afghanistan,Everest,Bhutan,India,Uruguay,Malaysia,Monaco,Odesia,Etna,Romania,Brasilia,Gold,Russia,3,Vietnam,Amur,Japan,Atlantic,South America,Rhode Island,Red,Patagonian,Africa,Mongolia,Lebanon,UK,France,Sri Lanka,Vancouver,8 billion,Andorra,Seine,Istanbul,Egypt,UK,Argentina,25
5bbcf0fc6b9c97000189f6bb,Helsinki,Serbia,Spain,Guinea,Jordan,Everest,Bhutan,Brazil,Uruguay,Malaysia,Monaco,Odesia,Etna,Romania,Brasilia,Gold,Tajikistan,3,Vietnam,Amur,Japan,Atlantic,South America,Newfoundland,Red,Patagonian,Africa,Cambodia,Lebanon,China,Brazil,Sri Lanka,Quebec,8 billion,Andorra,Seine,Athens,Nigeria,UK,Brazil,29
5aeaef0715a9c300011acf19,Stockholm,Serbia,Spain,Guinea,UAE,Everest,Nepal,India,Ecuador,Indonesia,US,Micronesia,Vesuvius,Romania,Rio de Janeiro,White,Tajikistan,1,Vietnam,Yenisei,Japan,Atlantic,Asia,Hawaii,Red,Gobi,Africa,Mongolia,Cyprus,USA,Germany,Bangladesh,Toronto,8 billion,Liechtenstein,Nile,Istanbul,Nigeria,UK,Brazil,18
5fd782d0e7c86f0aabd0c60f,Oslo,Latvia,France,Zambia,Jordan,Everest,Bhutan,Kenya,Uruguay,Indonesia,Iceland,Polynesia,Vesuvius,Romania,Rio de Janeiro,Gold,China,2,New Zealand,Irtysh,Japan,Atlantic,South America,Newfoundland,Red,Great Basin,Africa,Cambodia,Lebanon,China,France,Sri Lanka,Vancouver,8 billion,Luxenbourg,Vienne,Athens,Nigeria,UK,Brazil,17
5c5f2a7a5b87820001c4fa2d,Helsinki,Serbia,Spain,Guinea,Jordan,Everest,Bhutan,Brazil,Uruguay,Malaysia,US,Micronesia,Cheviot,Romania,Rio de Janeiro,Black,China,2,Hong Kong,Yenisei,Japan,Pacific,South America,Newfoundland,,Gobi,Africa,Thailand,New Zealand,China,Germany,Bangladesh,Quebec,8 billion,Andorra,Rhine,Istanbul,South Africa,UK,Brazil,18
616151ac0c7dd4d85b3ca749,Stockholm,Poland,Italy,Guinea,UAE,Everest,Nepal,India,Uruguay,Thailand,Monaco,Polynesia,Cheviot,Albania,Rio de Janeiro,Gold,,1,Singapore,Amur,Japan,Indian,South America,Newfoundland,Green,Kalahari,Africa,Thailand,Lebanon,China,Argentina,India,Vancouver,9 billion,San Marino,Nile,Athens,,Canada,Brazil,10
6087b470e766b01df819885d,Helsinki,Serbia,Spain,Gambia,Afghanistan,Everest,Sri Lanka,Indonesia,Peru,Thailand,Monaco,Odesia,Vesuvius,Romania,Rio de Janeiro,Black,Uzbekistan,3,Vietnam,Irtysh,Japan,Pacific,South America,Newfoundland,Red,Gobi,Africa,Cambodia,Lebanon,USA,Brazil,Sri Lanka,Ottawa,8 billion,Andorra,Seine,Athens,South Africa,UK,Brazil,24
5f491a28ad7baa4115492f4d,Helsinki,Serbia,Spain,Guinea,UAE,Everest,Nepal,Kenya,Peru,Thailand,US,Melanesia,Vesuvius,Romania,Brasilia,Green,Russia,2,Vietnam,Amur,Japan,Atlantic,South America,Newfoundland,Yellow,Gobi,Africa,Thailand,South Africa,China,Brazil,Bangladesh,Toronto,8 billion,Liechtenstein,Seine,Athens,Nigeria,USA,Brazil,20
5fb7db844f4cdb3f5228e532,Oslo,Serbia,Spain,Gambia,Jordan,Everest,,Kenya,Peru,Malaysia,Monaco,Odesia,Vesuvius,Romania,Brasilia,Black,Tajikistan,2,Singapore,Yenisei,Japan,Atlantic,South America,Newfoundland,Red,Patagonian,Africa,Mongolia,Lebanon,China,Brazil,Sri Lanka,Ottawa,8 billion,Andorra,Rhine,Istanbul,Nigeria,UK,Brazil,29
5fa9b07feea1c41f89a467af,Helsinki,Latvia,Spain,Senegal,Afghanistan,Everest,Bhutan,India,Bolivia,Philippines,Monaco,Odesia,Etna,Romania,Brasilia,Gold,China,3,Singapore,Amur,Japan,Atlantic,South America,Newfoundland,Red,Patagonian,Africa,Thailand,Lebanon,Australia,Brazil,Sri Lanka,Ottawa,8 billion,Andorra,Seine,Istanbul,Ghana,UK,Brazil,25
608c2e566d92c2aa3543e2d2,Helsinki,Croatia,Spain,Senegal,Jordan,Everest,Bhutan,Kenya,Peru,Philippines,Monaco,Odesia,Etna,Albania,Brasilia,Gold,Uzbekistan,2,Hong Kong,Irtysh,Japan,Atlantic,South America,Newfoundland,Red,Patagonian,Africa,Mongolia,Lebanon,UK,Brazil,Sri Lanka,Toronto,8 billion,Andorra,Seine,Rome,Nigeria,UK,Brazil,23
6154c3637bd4c9657a4a6685,Helsinki,Poland,Spain,Guinea,Turkey,Everest,Sri Lanka,Kenya,Ecuador,Malaysia,Monaco,Melanesia,Vesuvius,Romania,Brasilia,Gold,China,2,Vietnam,Amur,Japan,Atlantic,South America,Newfoundland,Red,Patagonian,Africa,Cambodia,Cyprus,China,Argentina,Sri Lanka,Toronto,8 billion,Andorra,Nile,Istanbul,South Africa,UK,Brazil,23
601ae161bca3983decaca14d,Helsinki,Serbia,Portugal,,Afghanistan,Everest,Bhutan,Indonesia,Bolivia,Philippines,Monaco,Odesia,Etna,Romania,Rio de Janeiro,White,China,3,Vietnam,Amur,Japan,Atlantic,South America,Newfoundland,Red,Patagonian,Africa,Cambodia,Lebanon,Australia,Argentina,Sri Lanka,Ottawa,8 billion,Andorra,Seine,Istanbul,Nigeria,UK,Brazil,25
5ede636d21cf560bf7aeb29f,Helsinki,Latvia,Spain,Senegal,Jordan,Everest,Bhutan,Brazil,Peru,Thailand,Monaco,,Etna,Romania,Brasilia,Gold,China,2,Hong Kong,Irtysh,Japan,Atlantic,South America,Newfoundland,Red,Patagonian,Africa,Laos,Lebanon,China,Germany,Sri Lanka,Toronto,8 billion,San Marino,Seine,Istanbul,Nigeria,UK,Brazil,23
5ed7974d0c7518230463c6c7,Helsinki,Serbia,Spain,Senegal,Jordan,Everest,Nepal,Indonesia,Peru,Thailand,Monaco,Odesia,Vesuvius,Romania,Brasilia,Black,China,2,Vietnam,Yenisei,Japan,Atlantic,South America,Newfoundland,Red,Gobi,Africa,Cambodia,Lebanon,UK,Brazil,Bangladesh,Ottawa,8 billion,Andorra,Seine,Istanbul,Nigeria,UK,Brazil,29
5d88c63e488c06001baae835,Helsinki,Serbia,Spain,Senegal,Jordan,Everest,Nepal,Brazil,Bolivia,Malaysia,Iceland,Polynesia,Etna,Romania,Sao Paulo,White,China,3,Hong Kong,Irtysh,Japan,Pacific,North America,Newfoundland,Red,Kalahari,Africa,Thailand,Lebanon,China,Brazil,Pakistan,Ottawa,8 billion,Andorra,Rhine,Athens,Egypt,France,Brazil,19
612f59e336076f7678b3b3b6,Helsinki,Latvia,Spain,Zambia,Jordan,Everest,Bhutan,Kenya,Bolivia,Philippines,Iceland,Micronesia,Cheviot,Romania,Sao Paulo,Green,Uzbekistan,2,Hong Kong,Yenisei,Japan,Pacific,South America,Newfoundland,Red,,Africa,Cambodia,Cyprus,UK,France,Bangladesh,Toronto,8 billion,Andorra,Seine,Athens,South Africa,USA,Brazil,16
5ed6c1c29e50c21348065f98,Helsinki,Croatia,Spain,Zambia,Afghanistan,Everest,Sri Lanka,Indonesia,Peru,Malaysia,Monaco,Odesia,Vesuvius,Romania,Brasilia,Green,,2,Hong Kong,Amur,Japan,Atlantic,South America,Newfoundland,Red,Great Basin,Africa,Thailand,New Zealand,USA,Germany,Bangladesh,Ottawa,8 billion,Andorra,Vienne,Rome,South Africa,Canada,Brazil,19
5c5460a7aea88300016157be,Helsinki,Croatia,Spain,Zambia,Jordan,Everest,Nepal,Brazil,Uruguay,Malaysia,,Odesia,Etna,Romania,Brasilia,Gold,China,2,Vietnam,Amur,Japan,Atlantic,South America,Newfoundland,Red,,Africa,Cambodia,Cyprus,China,Brazil,Sri Lanka,Ottawa,6 billion,Andorra,Seine,Istanbul,South Africa,UK,Brazil,27
607b22e6a8966a55c437bb7c,Helsinki,Latvia,Spain,Guinea,Jordan,Everest,Nepal,Kenya,Ecuador,Indonesia,Monaco,Odesia,Vesuvius,Romania,Rio de Janeiro,Green,China,2,Vietnam,Irtysh,Japan,Pacific,South America,Newfoundland,Red,Great Basin,Africa,Laos,Cyprus,Australia,Brazil,Sri Lanka,Toronto,8 billion,Luxenbourg,Seine,Rome,Egypt,UK,Brazil,18
5e5eb4843accc91e2443212f,Helsinki,Poland,Spain,Zambia,Turkey,Everest,Bhutan,,Uruguay,Malaysia,Monaco,Melanesia,Vesuvius,Romania,Brasilia,Green,Uzbekistan,3,Hong Kong,Irtysh,Japan,,South America,Newfoundland,Red,Patagonian,Africa,Laos,Lebanon,USA,Germany,Sri Lanka,Vancouver,8 billion,Andorra,Nile,Rome,Nigeria,UK,Brazil,21
610a88b2edae8ae79810da5d,Helsinki,Serbia,Spain,Gambia,Afghanistan,Everest,Nepal,Indonesia,Bolivia,Malaysia,US,Odesia,Vesuvius,Romania,Brasilia,Green,China,2,Vietnam,Amur,Japan,Atlantic,South America,Newfoundland,Red,Patagonian,Africa,Thailand,Cyprus,UK,Brazil,Sri Lanka,Ottawa,8 billion,Andorra,Seine,Istanbul,Nigeria,UK,Brazil,27
61742bd3cd78a9f853168cef,Oslo,Serbia,Portugal,Gambia,Turkey,Everest,Nepal,Kenya,Uruguay,Malaysia,US,Odesia,Etna,Romania,Brasilia,Gold,Russia,2,Hong Kong,Amur,Japan,Atlantic,Central America,Hawaii,Red,Great Basin,South America,Mongolia,Cyprus,Australia,Brazil,India,Toronto,6 billion,Luxenbourg,Rhine,Athens,South Africa,Canada,Brazil,14
5be7a0007514d00001087731,Helsinki,Poland,Portugal,Zambia,Jordan,Everest,Sri Lanka,Indonesia,Ecuador,Malaysia,Monaco,Odesia,Etna,Romania,Brasilia,Gold,China,4,Vietnam,Amur,Japan,Atlantic,South America,Newfoundland,Red,Patagonian,Africa,Cambodia,Cyprus,China,Brazil,Sri Lanka,Ottawa,8 billion,Andorra,Seine,Istanbul,Nigeria,UK,Brazil,29
61073189bb137b703f6d7b59,Helsinki,Latvia,Spain,Guinea,Jordan,Everest,Bangladesh,Kenya,Peru,Philippines,Monaco,Melanesia,Etna,Romania,Brasilia,Black,China,4,Hong Kong,Irtysh,Japan,Atlantic,South America,Newfoundland,Red,Patagonian,Africa,Thailand,Cyprus,Australia,Brazil,Sri Lanka,Ottawa,8 billion,Liechtenstein,Seine,Istanbul,Nigeria,USA,Brazil,24
5e714522bac83d05b8a3e63b,Copenhagen,Croatia,France,Gambia,Turkey,Everest,Nepal,Indonesia,,Indonesia,Monaco,Odesia,Etna,Romania,Rio de Janeiro,Gold,China,3,Hong Kong,Irtysh,Japan,Atlantic,South America,Newfoundland,Blue,Gobi,Asia,Laos,South Africa,China,Brazil,Sri Lanka,Toronto,8 billion,Andorra,Seine,Istanbul,South Africa,UK,Brazil,19
5fa14beb5dd5cf0d68a832b1,Helsinki,Serbia,France,Guinea,Afghanistan,K2,Sri Lanka,Brazil,Uruguay,Malaysia,San Marino,Micronesia,Vesuvius,Romania,Brasilia,Black,Tajikistan,2,Vietnam,Irtysh,Japan,Atlantic,South America,Rhode Island,Red,Kalahari,Africa,Thailand,New Zealand,Australia,Brazil,Pakistan,Ottawa,8 billion,Liechtenstein,Seine,Kabul,Nigeria,Canada,Brazil,20
5f5aa6d5b8e6411a69e274d5,Helsinki,Latvia,Portugal,Senegal,Turkey,Everest,Nepal,Kenya,Uruguay,Malaysia,Monaco,Polynesia,Cheviot,Albania,Brasilia,Black,China,2,Hong Kong,Irtysh,Japan,Atlantic,South America,Newfoundland,Red,Patagonian,Africa,Cambodia,Cyprus,USA,Brazil,Bangladesh,Ottawa,8 billion,Andorra,Nile,Athens,Ghana,UK,Brazil,21
60fd6bb20c949e6374716c83,Oslo,Croatia,Spain,Senegal,Jordan,Everest,Sri Lanka,Kenya,Ecuador,Malaysia,Iceland,Odesia,Vesuvius,Romania,Rio de Janeiro,Green,Tajikistan,3,New Zealand,Yenisei,Japan,Atlantic,South America,Newfoundland,Red,Gobi,Africa,Laos,Cyprus,China,Argentina,India,Vancouver,8 billion,Liechtenstein,Seine,Rome,Egypt,UK,Brazil,18
5efa404c2a8ed1863aa4ad36,Helsinki,Serbia,Spain,Zambia,Jordan,Everest,,Indonesia,Bolivia,Thailand,Monaco,Odesia,Vesuvius,Romania,Sao Paulo,Gold,Uzbekistan,2,Vietnam,Irtysh,Japan,Atlantic,South America,Rhode Island,Red,Patagonian,Africa,Laos,Cyprus,China,Germany,Sri Lanka,Toronto,8 billion,Andorra,Seine,,Egypt,UK,Brazil,21
600964b7ddbcfc3b02f7b2e8,Helsinki,Serbia,Spain,Guinea,Turkey,Everest,Bhutan,Indonesia,Bolivia,Indonesia,Monaco,Melanesia,Etna,Romania,Brasilia,Black,China,3,New Zealand,Amur,Japan,Atlantic,South America,Newfoundland,Red,Patagonian,Africa,Thailand,Lebanon,UK,Brazil,Bangladesh,Ottawa,8 billion,,Seine,Istanbul,Egypt,UK,Brazil,24
5fb16376c19dcc608d026e84,Helsinki,Serbia,,Zambia,Turkey,Everest,Nepal,India,Uruguay,Malaysia,US,Odesia,Etna,Romania,Brasilia,Green,Tajikistan,3,Vietnam,Amur,Japan,Atlantic,South America,Newfoundland,Red,Patagonian,Africa,Cambodia,Lebanon,China,Brazil,Sri Lanka,Ottawa,9 billion,Andorra,Seine,Istanbul,Nigeria,UK,Brazil,33
58937f718235830001a44873,Helsinki,Poland,Spain,Guinea,,Everest,Nepal,India,Ecuador,Indonesia,US,Odesia,Vesuvius,Romania,Brasilia,Black,China,3,Hong Kong,Amur,Japan,Atlantic,South America,Newfoundland,Red,Patagonian,Africa,Cambodia,Cyprus,China,Brazil,Sri Lanka,Ottawa,7 billion,Andorra,Seine,Athens,Nigeria,UK,Brazil,26
5d2d98a9a0d896001a5d6e4f,Helsinki,Serbia,France,Senegal,UAE,Everest,Sri Lanka,India,,Malaysia,San Marino,Odesia,Etna,Romania,Rio de Janeiro,Green,Uzbekistan,3,Vietnam,Irtysh,Japan,Atlantic,South America,Newfoundland,Red,Gobi,Africa,Cambodia,Cyprus,China,France,Bangladesh,Ottawa,8 billion,Liechtenstein,Seine,Istanbul,Nigeria,USA,Brazil,24
60a5e855755632558633e9fb,Copenhagen,Croatia,Spain,Senegal,Afghanistan,K2,Nepal,Indonesia,Peru,Indonesia,US,Micronesia,Milos,Romania,Brasilia,White,Russia,3,Singapore,Irtysh,Japan,Atlantic,South America,Newfoundland,Red,Patagonian,Africa,Thailand,Cyprus,China,Brazil,Sri Lanka,Ottawa,8 billion,Luxenbourg,Seine,Athens,South Africa,Canada,Brazil,19
60bea3693b52eeee5c93d2b8,Oslo,Poland,Spain,Guinea,Jordan,Lhotse,Nepal,Brazil,Peru,Thailand,San Marino,Melanesia,Milos,Czechia,Brasilia,Gold,Russia,2,Hong Kong,Amur,Japan,Atlantic,South America,Newfoundland,Red,Patagonian,Africa,Laos,New Zealand,China,Germany,Sri Lanka,Quebec,8 billion,Andorra,Rhine,Istanbul,Ghana,UK,Brazil,19
612c4636885d5afe0a5f9f53,Stockholm,Latvia,Spain,Zambia,Jordan,Everest,Bhutan,Kenya,Uruguay,Malaysia,US,Micronesia,Cheviot,Czechia,Rio de Janeiro,Black,China,2,New Zealand,Amur,Japan,Atlantic,South America,Hawaii,Red,Patagonian,Africa,,Lebanon,UK,Brazil,India,Toronto,8 billion,San Marino,Nile,Athens,Nigeria,USA,Brazil,16
5db9af1d515b5e01756f55b8,Helsinki,Serbia,Spain,Zambia,Jordan,Everest,Nepal,Kenya,Ecuador,Malaysia,San Marino,,Etna,Romania,Brasilia,,Russia,3,Hong Kong,Amur,Japan,Atlantic,South America,Newfoundland,Blue,Patagonian,Africa,Laos,South Africa,,Brazil,Sri Lanka,Vancouver,7 billion,Andorra,Seine,Istanbul,Nigeria,USA,Brazil,24
5f5f5c0ab70c7b000ad0d7b7,Copenhagen,Latvia,Italy,Senegal,UAE,Everest,Bhutan,Brazil,Bolivia,Malaysia,San Marino,Odesia,Vesuvius,Albania,Rio de Janeiro,Black,China,2,Hong Kong,Yangtze,Japan,Pacific,Central America,Hawaii,Red,Patagonian,South America,Thailand,New Zealand,China,Brazil,Bangladesh,Toronto,8 billion,Luxenbourg,Nile,Istanbul,Nigeria,UK,Brazil,15
60c101e4634ffb1aa797b924,Copenhagen,Serbia,France,Guinea,Jordan,Everest,Nepal,Brazil,Uruguay,Malaysia,US,Polynesia,Vesuvius,Romania,Brasilia,Gold,Russia,3,Hong Kong,Amur,Japan,Pacific,South America,Newfoundland,Red,Patagonian,Africa,Thailand,Cyprus,UK,Brazil,Sri Lanka,Toronto,7 billion,Andorra,Seine,Kabul,South Africa,UK,Brazil,18
613609a43e0f8272f50c552b,Oslo,Croatia,Italy,Zambia,UAE,Everest,Nepal,Kenya,Ecuador,Indonesia,Monaco,Melanesia,Cheviot,Romania,Rio de Janeiro,White,Uzbekistan,2,Hong Kong,Amur,Japan,Atlantic,South America,Newfoundland,Blue,Patagonian,Africa,Thailand,Lebanon,Australia,France,Sri Lanka,Toronto,9 billion,San Marino,Vienne,Istanbul,Nigeria,France,Brazil,15
5f3c8a006375d854f90d73a7,Helsinki,Serbia,France,Zambia,,Everest,Sri Lanka,Indonesia,Ecuador,Malaysia,US,Odesia,Vesuvius,Romania,Brasilia,Black,China,2,Hong Kong,Amur,Japan,Pacific,South America,Newfoundland,Red,Patagonian,Africa,Cambodia,New Zealand,China,Brazil,Bangladesh,Ottawa,8 billion,Andorra,Seine,Athens,South Africa,UK,Brazil,24
5f4fc6a2277f9b0cdfdb61e1,Helsinki,Latvia,France,Guinea,Jordan,Everest,Bhutan,,Uruguay,Malaysia,US,Polynesia,Vesuvius,Romania,Brasilia,Gold,Tajikistan,2,Hong Kong,Irtysh,Japan,Atlantic,South America,Newfoundland,Red,Gobi,Africa,Cambodia,New Zealand,China,Argentina,Sri Lanka,Ottawa,8 billion,San Marino,Seine,Rome,Nigeria,France,,19
60d51a3f5496a458dc0d4716,Helsinki,Poland,Spain,Guinea,Afghanistan,Everest,Bhutan,Indonesia,Ecuador,Philippines,Monaco,Odesia,Vesuvius,Albania,Brasilia,Black,China,2,Vietnam,Amur,Japan,Atlantic,South America,Newfoundland,Red,Patagonian,Africa,Laos,Lebanon,USA,Brazil,Sri Lanka,Ottawa,8 billion,Luxenbourg,Seine,Athens,Nigeria,USA,Brazil,22
5cc888ae085b98001620bf4d,Helsinki,Latvia,Portugal,Senegal,Jordan,Everest,Nepal,Indonesia,Peru,Malaysia,US,Odesia,Vesuvius,Romania,Rio de Janeiro,Black,China,2,Vietnam,Irtysh,Japan,Atlantic,South America,Rhode Island,Red,Great Basin,Africa,,Cyprus,China,Brazil,Sri Lanka,Toronto,8 billion,San Marino,Seine,Istanbul,South Africa,UK,Brazil,22
5f0eaf80c42b540711cc68b0,Helsinki,Latvia,Spain,Zambia,Jordan,K2,Bhutan,India,Ecuador,Malaysia,Monaco,Polynesia,Vesuvius,Romania,Brasilia,Gold,Tajikistan,3,Vietnam,Irtysh,Japan,Atlantic,South America,Newfoundland,Red,Gobi,Africa,Thailand,South Africa,Australia,Brazil,Sri Lanka,Quebec,6 billion,Luxenbourg,Vienne,Istanbul,,UK,Canada,19
5eb03bbe9d57e50aca80dd11,Helsinki,Poland,Spain,Zambia,Jordan,Everest,Nepal,Indonesia,Uruguay,Indonesia,Monaco,Odesia,Etna,Romania,Brasilia,Green,China,2,Singapore,Amur,Japan,Atlantic,South America,Newfoundland,Red,Patagonian,Africa,Cambodia,Lebanon,China,Brazil,Sri Lanka,Toronto,7 billion,Andorra,Seine,Istanbul,South Africa,UK,Brazil,26
60aa4b9356c591511cc09f5f,Helsinki,Serbia,France,Zambia,Afghanistan,Everest,Nepal,Kenya,Uruguay,Malaysia,US,Odesia,Vesuvius,Romania,Brasilia,Black,China,2,Vietnam,Amur,Japan,Atlantic,South America,Newfoundland,Red,,Africa,,Lebanon,China,Brazil,,Ottawa,8 billion,San Marino,Seine,Istanbul,Nigeria,,Brazil,26
614f64f9c11bac7b4bb00030,Helsinki,Serbia,Portugal,Senegal,Turkey,Everest,Nepal,Brazil,Bolivia,Indonesia,US,,Etna,Bosnia,Sao Paulo,Gold,Uzbekistan,3,Vietnam,Irtysh,Japan,Atlantic,South America,Newfoundland,Red,Great Basin,Africa,Cambodia,,China,Brazil,Bangladesh,Toronto,9 billion,San Marino,Rhine,Rome,Nigeria,Canada,Brazil,18
616ad7ac6299f99ce33cdc78,Copenhagen,Serbia,Italy,Gambia,UAE,Everest,Bangladesh,Indonesia,Uruguay,Malaysia,San Marino,Odesia,Milos,Bosnia,Rio de Janeiro,,Russia,2,Hong Kong,Yangtze,Japan,Atlantic,Central America,Hawaii,Red,Great Basin,South America,Laos,Lebanon,UK,Germany,India,Toronto,8 billion,San Marino,Nile,Rome,Egypt,Canada,Brazil,11
60128528323c742cb9b96310,Helsinki,Poland,Spain,Senegal,Jordan,Everest,Sri Lanka,India,Uruguay,Malaysia,San Marino,Melanesia,Vesuvius,Romania,Brasilia,Black,China,3,Vietnam,Irtysh,Japan,Atlantic,South America,Newfoundland,Blue,Patagonian,Africa,Thailand,New Zealand,China,Brazil,Sri Lanka,Toronto,8 billion,Andorra,Seine,Istanbul,Nigeria,USA,Brazil,25
5fb2f265c927279c34edfe94,Helsinki,Latvia,France,Guinea,Jordan,Everest,Bhutan,India,Ecuador,Philippines,Iceland,Micronesia,Etna,Albania,Brasilia,Gold,China,4,Vietnam,Amur,China,,,,Red,Patagonian,Africa,Thailand,New Zealand,UK,Germany,Bangladesh,Ottawa,8 billion,Luxenbourg,,Istanbul,Nigeria,UK,Brazil,16
5cd674ea0c043900014d1271,Helsinki,Serbia,Portugal,Gambia,Afghanistan,Everest,Bhutan,Kenya,Ecuador,Indonesia,San Marino,Odesia,Etna,Romania,Sao Paulo,Green,China,4,Singapore,Amur,Japan,Atlantic,South America,Newfoundland,Red,Patagonian,Africa,Cambodia,Lebanon,USA,Brazil,Sri Lanka,Toronto,8 billion,Andorra,,Istanbul,South Africa,UK,Brazil,24
6106f206822c88c0baeced4d,Copenhagen,Serbia,France,Gambia,UAE,Everest,Nepal,India,Uruguay,Philippines,Iceland,Micronesia,Etna,Romania,Rio de Janeiro,Black,China,2,Hong Kong,Amur,Japan,Pacific,South America,,Red,Great Basin,Africa,Cambodia,Cyprus,Australia,Argentina,Pakistan,Toronto,8 billion,Luxenbourg,Seine,Istanbul,South Africa,UK,Brazil,17
610afdfedb8325ac8a155d00,Oslo,Serbia,Spain,Guinea,Turkey,Everest,,Indonesia,Bolivia,Malaysia,San Marino,Odesia,Milos,Romania,Brasilia,Green,China,3,Hong Kong,Amur,Japan,Pacific,South America,Newfoundland,Red,Patagonian,Africa,Cambodia,Lebanon,China,Germany,Pakistan,Ottawa,8 billion,Andorra,Vienne,Istanbul,South Africa,UK,Brazil,24
5c73477642a5070001a2f940,Stockholm,Croatia,Spain,Guinea,UAE,K2,Sri Lanka,India,Peru,Malaysia,Monaco,Odesia,Vesuvius,Romania,Brasilia,Green,China,2,Vietnam,Irtysh,Japan,Pacific,South America,Newfoundland,Red,Gobi,Asia,Cambodia,Lebanon,Australia,Brazil,Pakistan,Toronto,8 billion,Andorra,Seine,Istanbul,Nigeria,USA,Brazil,21
5f6247a964b0fe2746fb33d5,Helsinki,Serbia,Spain,Senegal,Afghanistan,Everest,Nepal,,Bolivia,Malaysia,Monaco,Odesia,Etna,Romania,Rio de Janeiro,Black,China,3,Vietnam,Irtysh,Japan,Atlantic,South America,Rhode Island,Red,Great Basin,Africa,Cambodia,Cyprus,China,France,Sri Lanka,Quebec,7 billion,San Marino,Seine,Istanbul,Nigeria,UK,,23
5ef67f9650e5f6017d1059ea,Helsinki,Serbia,Spain,Zambia,Afghanistan,Everest,Nepal,India,Peru,Malaysia,Monaco,Odesia,Etna,Romania,Brasilia,Gold,Tajikistan,4,Vietnam,Yenisei,Japan,Atlantic,South America,Rhode Island,Red,Patagonian,Africa,Laos,Lebanon,,Brazil,Sri Lanka,Ottawa,8 billion,Andorra,Seine,Istanbul,Nigeria,UK,Brazil,34
61181576fb9a7d8d0639e8e8,Helsinki,Poland,France,Guinea,Jordan,Everest,Bangladesh,,Ecuador,Malaysia,US,Micronesia,Cheviot,,Rio de Janeiro,Green,China,4,Hong Kong,Amur,Japan,Pacific,South America,,Red,,Africa,Thailand,New Zealand,China,France,Sri Lanka,Toronto,7 billion,San Marino,Nile,Rome,Nigeria,Canada,Brazil,12
5f44a14dc9c379248aa705a9,Stockholm,Poland,France,Zambia,Jordan,K2,Bangladesh,Kenya,Ecuador,Indonesia,San Marino,Melanesia,Milos,Romania,Rio de Janeiro,Green,China,2,Hong Kong,Amur,Japan,Pacific,Central America,Newfoundland,Red,Patagonian,Africa,Cambodia,Cyprus,China,Argentina,Pakistan,Quebec,8 billion,Andorra,Rhine,Istanbul,South Africa,UK,Brazil,15
615f050f66a9833400706bbd,Oslo,Serbia,Spain,Zambia,Jordan,Everest,Sri Lanka,Indonesia,Bolivia,Indonesia,Iceland,,Vesuvius,Czechia,Brasilia,Black,China,3,Hong Kong,Yangtze,Japan,Atlantic,South America,Newfoundland,Blue,Gobi,Africa,Cambodia,Cyprus,USA,Brazil,Pakistan,Toronto,8 billion,San Marino,Seine,Istanbul,Nigeria,USA,Brazil,18
5c8fcb13dd3b360015b4dff6,Copenhagen,Serbia,Spain,Senegal,,Everest,,Kenya,Peru,Indonesia,US,,Etna,Romania,Rio de Janeiro,Gold,,2,Hong Kong,Amur,Japan,Atlantic,South America,Hawaii,Red,Patagonian,Africa,,,China,Germany,Sri Lanka,Toronto,8 billion,Andorra,Seine,Athens,South Africa,,Brazil,18
5f072104186c17092d6d0c36,Helsinki,Latvia,Spain,Senegal,Turkey,Everest,Nepal,Brazil,Ecuador,Malaysia,Monaco,Odesia,Vesuvius,Romania,Sao Paulo,Black,Tajikistan,2,Vietnam,Irtysh,Japan,Atlantic,South America,Newfoundland,Red,,Africa,Cambodia,Lebanon,USA,Brazil,Sri Lanka,Ottawa,8 billion,Andorra,Seine,Istanbul,Nigeria,Canada,Brazil,28
614f97bf64cce227b7d28f15,Helsinki,Latvia,Spain,Zambia,UAE,Everest,Nepal,Brazil,Bolivia,Indonesia,Monaco,Melanesia,Vesuvius,Czechia,Sao Paulo,Black,Uzbekistan,3,Vietnam,Amur,Japan,Pacific,South America,Newfoundland,Red,Gobi,Africa,Cambodia,Lebanon,China,France,Sri Lanka,Quebec,8 billion,San Marino,Seine,Rome,Nigeria,UK,Brazil,21
5f8ef8605b479d0cf9480024,Helsinki,Serbia,Spain,Guinea,Jordan,K2,Nepal,Indonesia,Ecuador,Malaysia,Iceland,Melanesia,Etna,Romania,Brasilia,Green,China,2,Hong Kong,Irtysh,Japan,Atlantic,South America,Newfoundland,Red,Patagonian,South America,Laos,Lebanon,China,Brazil,Sri Lanka,Ottawa,8 billion,Andorra,Seine,Istanbul,South Africa,UK,Brazil,25
5ff2ec4fb890b131e5bdce6e,Helsinki,Serbia,Portugal,Zambia,UAE,Everest,Bhutan,Kenya,Peru,Thailand,Iceland,Odesia,Etna,Romania,Rio de Janeiro,Gold,China,1,Hong Kong,Amur,Japan,Atlantic,South America,Hawaii,Red,Great Basin,Africa,Mongolia,Lebanon,China,Brazil,Bangladesh,Vancouver,8 billion,Luxenbourg,Vienne,Istanbul,South Africa,UK,Argentina,19
5c55c7cb9b583c000159f790,Helsinki,Croatia,Portugal,Senegal,Turkey,Everest,Nepal,,Ecuador,Indonesia,US,Odesia,Etna,Bosnia,Rio de Janeiro,,China,2,Vietnam,Irtysh,,Atlantic,Asia,Newfoundland,Red,Great Basin,Asia,Mongolia,New Zealand,Australia,Germany,Sri Lanka,Vancouver,9 billion,Liechtenstein,Seine,,Nigeria,USA,Brazil,14
60ff0dff3bfdc170dd38b34f,Helsinki,Poland,Spain,Zambia,Jordan,K2,Nepal,Kenya,Peru,Thailand,US,Micronesia,Etna,Romania,Sao Paulo,White,China,3,Vietnam,Amur,Japan,Atlantic,South America,Newfoundland,Red,Patagonian,Africa,Cambodia,Lebanon,China,Brazil,Sri Lanka,Toronto,8 billion,Andorra,Seine,Istanbul,Nigeria,UK,Argentina,26
5fbf8fd266afa029fc3841e6,Helsinki,Croatia,Spain,Guinea,UAE,K2,Sri Lanka,India,Uruguay,Thailand,Monaco,Odesia,Vesuvius,Czechia,Brasilia,Gold,China,2,Hong Kong,Yangtze,Japan,Atlantic,South America,Newfoundland,Red,Gobi,Africa,Laos,Lebanon,USA,Germany,Sri Lanka,Vancouver,8 billion,San Marino,Vienne,Rome,Egypt,UK,Brazil,16
611ceaa4d48088cf9fda1dbc,Helsinki,Croatia,Portugal,Gambia,Turkey,Everest,Sri Lanka,,Uruguay,Malaysia,Iceland,Odesia,Etna,Romania,Rio de Janeiro,White,China,1,Vietnam,Irtysh,Japan,Atlantic,South America,Newfoundland,Red,Patagonian,Africa,Laos,Lebanon,China,Argentina,Sri Lanka,Toronto,8 billion,Andorra,Seine,Istanbul,South Africa,Canada,Brazil,23
60526ca52273fdff8fc728ea,Helsinki,Croatia,Italy,Guinea,Jordan,Everest,Nepal,Indonesia,Bolivia,Malaysia,Monaco,Odesia,Etna,Romania,Rio de Janeiro,Gold,China,4,Vietnam,Amur,Japan,Atlantic,South America,Alaska,Red,Patagonian,Africa,Cambodia,South Africa,China,Brazil,Sri Lanka,Ottawa,8 billion,,Seine,Istanbul,Nigeria,USA,Argentina,24